filename,title,primary_tag,description,supporting_tags
1.png,Apple Picking Squad,Apparel,Show off your love for apple picking with this fun squad design.,apple picking,fall,autumn,orchard,apple,harvest
Ask Me About My Sourdough Starter shirt.png,Ask Me About My Sourdough Starter,Apparel,Celebrate your sourdough baking adventures with this humorous shirt design.,sourdough,baking,bread,baker,kitchen,ferment
block his number and let little ugly have him 2-01.png,Block His Number,Apparel,Funny relationship humor design for those who know their worth.,funny,relationship,umor,women,talk
1.png,Boo,Apparel,Spooky cute Halloween ghost design perfect for the season.,halloween,ghost,spooky,cute,october
BORN TO FARM FORCED TO GO TO SCHOOL-01.png,Born To Farm Forced To Go To School,Apparel,Farm life meets school life - the ultimate farmer kid design.,farm,farming,agriculture,school,farmer,rural
breast cancear octobar 2-01.png,Breast Cancer Awareness October,Apparel,Support breast cancer awareness with this powerful October design.,breast cancer,awareness,october,pink,ribbon,awareness
Broken Cuffs No Cure No Hope-01.png,Broken Cuffs No Cure No Hope,Apparel,Dark and edgy design for those with a rebellious spirit.,edgy,dark,alternative,goth,rebel
Childhood Cancer Awareness 1.png,Childhood Cancer Awareness,Apparel,Show support for childhood cancer awareness with gold.,childhood cancer,gold,awareness,cancer,children
ho ho ho-01.png,Ho Ho Ho Christmas,Apparel,Jolly Christmas design with classic holiday cheer.,christmas,ho ho ho,holiday,santa,xmas
Level 10 Complete-01.png,Level 10 Complete,Apparel,Gamer milestone celebration design - you reached level 10!,gamer,gaming,level up,achievement,video games
costume halloween jobs-01.png,Costume Halloween Jobs,Apparel,Funny teacher costume humor for Halloween.,teacher,halloween,costume,school,humor
Been Doing Cowboy Stuff All Day shirt.png,Been Doing Cowboy Stuff All Day,Apparel,Cowboy life all day every day design.,cowboy,western,ranch,horses,country
does this coffee make me look alive-01-01.png,Does This Coffee Make Me Look Alive,Apparel,Relatable coffee lover humor for tired mornings.,coffee,morning,tired,humor,caffeine
Colorful Polka Dot Game  waterpolo  International Dot Day Kid-01-01-01.png,International Dot Day,Apparel,Celebrate International Dot Day with colorful dots.,dot day,colorful,polka dot,kids,creative
Every child matters-01.png,Every Child Matters,Apparel,Orange shirt day awareness for indigenous children.,every child matters,orange shirt,indigenous,reconciliation,truth
I'd Rather Be Fishing 2.png,I'd Rather Be Fishing,Apparel,For the fishing enthusiast who always wishes they were fishing.,fishing,outdoor,sports,hobby,relaxation
Hispanic Heritage Month  heart flag-01.png,Hispanic Heritage Month,Apparel,Celebrate Hispanic heritage with heart and flag design.,hispanic,heritage,latin,mexican,culture
I Don't Need A Costume I'm A kindergarten Teacher 3-01.png,I Don't Need A Costume I'm A Kindergarten Teacher,Apparel,Funny teacher Halloween costume joke design.,teacher,kindergarten,halloween,costume,school
I Read Banned Books-01.png,I Read Banned Books,Apparel,Support intellectual freedom with this book lover design.,books,reading,banned books,freedom,literature
I Wear Green For Mental Health Awareness f-01.png,I Wear Green For Mental Health Awareness,Apparel,Show support for mental health awareness with green.,mental health,awareness,green,wellness,advocate
13-01.png,I Wear Purple In Memory For My Son,Apparel,Memorial remembrance design for overdose awareness.,overdose awareness,memory,purple,memorial,son
I'm So Egg-Cited.png,I'm So Egg-Cited,Apparel,Funny pun egg design perfect for breakfast lovers.,egg,punny,breakfast,funny,food
In September We Wear Gold -01.png,In September We Wear Gold,Apparel,Childhood cancer awareness - wear gold in September.,childhood cancer,gold,september,awareness,pediatric
i'm not arguing i'm just explaining why i'm right-01.png,I'm Not Arguing I'm Just Explaining Why I'm Right,Apparel,Witty argument humor design for the strong-willed.,humor,witty,argument,funny,clever
Definitions of labor coach 2-01.png,Definitions Of Labor Coach,Apparel,Support your labor coach with this fun design.,labor,birth,coach,doula,pregnancy
Live Ugly Fake Your Death Eat Trash Get Hit By A Car 3-01.png,Live Ugly Fake Your Death Eat Trash Get Hit By A Car,Apparel,Bold and rebellious life philosophy design.,rebel,funny,edgy,alternative,humor
meet me at the pumpkin patch 2-01.png,Meet Me At The Pumpkin Patch,Apparel,Fall vibes pumpkin patch meetup design.,pumpkin,fall,autumn,halloween,patch
otorhomes Before Nursing Homes-01.png,Motorhomes Before Nursing Homes,Apparel,Retirement goals - motorhome life over nursing homes.,motorhome,retirement,rv,travel,freedom
Music Literacy Matters I Like To Eat Puppies-01.png,Music Literacy Matters I Like To Eat Puppies,Apparel,Music education advocacy with a humorous twist.,music,education,literacy,teacher,humor
halloween-01.png,My Dog Is My Boo,Apparel,Cute Halloween pet lover design for dog owners.,dog,halloween,boo,pet,cute
Elijah Pajama Shirt-01.png,Name Christmas,Apparel,Personalized name design for Christmas pajamas.,christmas,name,custom,pajama,family
Native Americans  1-01.png,Native Americans,Apparel,Celebrate Native American heritage and culture.,native american,indigenous,heritage,culture,history
Not Your Ernst de 1-01.png,Not Your Ernst,Apparel,Unique cultural design with attitude.,culture,attitude,unique,design
18 years of being awesome october 1992 limited edition -01.png,October 1992 Limited Edition,Apparel,Born in October 1992 - 18 years of awesome.,october,1992,birthday,limited edition,vintage
Oktoberfest-01.png,Oktoberfest,Apparel,Celebrate Oktoberfest with this festive design.,oktoberfest,beer,german,celebration,fall
Ophthalmology Squad 2-01.png,Ophthalmology Squad,Apparel,Proud ophthalmology team design for eye care professionals.,ophthalmology,eye doctor,medical,healthcare,squad
Pumpkin Spice And Reproductive Rights -01-01.png,Pumpkin Spice And Reproductive Rights,Apparel,Fall vibes meet social advocacy in this bold design.,pumpkin spice,reproductive rights,fall,women,politics
Shofar So Good-01-01.png,Shofar So Good,Apparel,Jewish holiday humor design for Rosh Hashanah.,shofar,rosh hashanah,jewish,holiday,funny
tell your cat i said pspsps 1-01.png,Tell Your Cat I Said Pspsps,Apparel,Funny cat lover design - the universal cat call.,cat,pspsps,funny,pet,humor
Thankful  jobs-01.png,Thankful,Apparel,Thankful for all the jobs and opportunities.,thankful,gratitude,jobs,career,appreciation
Black History Month BLM Melanin Pride Afro.png,Black History Month,Apparel,Celebrate Black History Month with melanin pride.,black history,blm,melanin,pride,afro,african american
Free Hugs just kidding don't touch me shirt.png,Free Hugs Just Kidding Don't Touch Me,Apparel,Introvert humor design - free hugs just kidding.,introvert,humor,funny,personal space,ant-social
Viva Mexico 10-01.png,Viva Mexico,Apparel,Celebrate Mexican pride and culture.,mexico,mexican,heritage,viva,culture,patriotic
Waffles Are Just Pancakes With Abs shirt.png,Waffles Are Just Pancakes With Abs,Apparel,Food humor - waffles with abs design.,waffles,pancakes,food,humor,funny
Weird Is A Side Effect Of Being Awesome-01.png,Weird Is A Side Effect Of Being Awesome,Apparel,Embrace your weirdness as a side effect of being awesome.,weird,awesome,unique,funny,positive
Who Ate All The Pussy-01.png,Who Ate All The Pussy,Apparel,Bold and cheeky cat lover humor design.,cat,funny,cheeky,humor,bold
Wild About Learning 2-01.png,Wild About Learning,Apparel,Show your passion for learning and education.,learning,education,wild,books,knowledge
wine because 2022 is boo sheet-01.png,Wine Because 2022 Is Boo Sheet,Apparel,Funny wine lover humor about 2022.,wine,humor,2022,boo,sheet,funny
