filename,product_name,artist,price,predicted_category,confidence,method,source_category,scrape_date,product_url,image_url,top1_category,top1_score,top2_category,top2_score,top3_category,top3_score
toonces_driving_school_-_est_1989_t-shirt_1.jpg,Toonces Driving School - Est. 1989 T-Shirt,Ink Agenda Gallery,24,Vintage,0.6036,hybrid (image+text),Animals,2026-07-04,https://www.teepublic.com/t-shirt/76463312-toonces-driving-school-est-1989,"https://images.teepublic.com/derived/production/designs/76463312_0/1748016039/i_p:c_2e2e2e,s_630,q_90.jpg",Vintage,0.6036,Pets,0.2307,Animals,0.0270
cat_t-shirt_2.jpg,Cat T-Shirt,woahthesun,24,Animals,0.6007,hybrid (image+text),Animals,2026-07-04,https://www.teepublic.com/t-shirt/16692983-cat,"https://images.teepublic.com/derived/production/designs/16692983_0/1748016039/i_p:c_2e2e2e,s_630,q_90.jpg",Animals,0.6007,Pets,0.1753,Spiritual,0.0557
space_cat_t-shirt_3.jpg,SPACE CAT T-Shirt,toddart,24,Animals,0.4544,hybrid (image+text),Animals,2026-07-04,https://www.teepublic.com/t-shirt/41155192-space-cat,"https://images.teepublic.com/derived/production/designs/41155192_0/1748016039/i_p:c_2e2e2e,s_630,q_90.jpg",Animals,0.4544,Pets,0.1971,Gaming,0.1503
reach_for_the_stars_-_funny_cat_butt_t-shirt_4.jpg,Reach For The Stars - Funny Cat Butt T-Shirt,Carrie Cantwell,24,Pets,0.3604,hybrid (image+text),Animals,2026-07-04,https://www.teepublic.com/t-shirt/56050243-reach-for-the-stars-funny-cat-butt,"https://images.teepublic.com/derived/production/designs/56050243_0/1748016039/i_p:c_2e2e2e,s_630,q_90.jpg",Pets,0.3604,Animals,0.1962,Humor,0.1470
brown_pitbull_night_t-shirt_5.jpg,Brown Pitbull Night T-Shirt,sagittariusgallery,24,Art,0.5495,image only,Animals,2026-07-04,https://www.teepublic.com/t-shirt/34462435-brown-pitbull-night,"https://images.teepublic.com/derived/production/designs/34462435_0/1748016039/i_p:c_2e2e2e,s_630,q_90.jpg",Art,0.5495,Pets,0.1121,Animals,0.0854
vitamin_c_t-shirt_6.jpg,Vitamin C T-Shirt,productx,24,Uncertain - needs review,0.1579,image only,Animals,2026-07-04,https://www.teepublic.com/t-shirt/26042823-vitamin-c,"https://images.teepublic.com/derived/production/designs/26042823_0/1748016039/i_p:c_2e2e2e,s_630,q_90.jpg",Pop Culture,0.1579,Music,0.1537,Food,0.1302
yes_i_heard_you_line_art_australian_shepherd_dog_lovers_t-sh_7.jpg,Yes I Heard You Line Art Australian Shepherd Dog Lovers T-Shirt,Kelraa,24,Pets,0.4521,hybrid (image+text),Animals,2026-07-04,https://www.teepublic.com/t-shirt/89748737-yes-i-heard-you-line-art-australian-shepherd-dog-l,"https://images.teepublic.com/derived/production/designs/89748737_0/1748016039/i_p:c_2e2e2e,s_630,q_90.jpg",Pets,0.4521,Animals,0.2852,Art,0.2037
funshine_bear_t-shirt_8.jpg,Funshine Bear T-Shirt,Inkvi,24,Animals,0.4130,hybrid (image+text),Animals,2026-07-04,https://www.teepublic.com/t-shirt/77018442-funshine-bear,"https://images.teepublic.com/derived/production/designs/77018442_0/1748016039/i_p:c_2e2e2e,s_630,q_90.jpg",Animals,0.4130,Seasonal,0.2909,Nature,0.0763
fart_squirrel_t-shirt_9.jpg,FART SQUIRREL T-Shirt,toddart,24,Art,0.4230,hybrid (image+text),Animals,2026-07-04,https://www.teepublic.com/t-shirt/28209572-fart-squirrel,"https://images.teepublic.com/derived/production/designs/28209572_0/1748016039/i_p:c_2e2e2e,s_630,q_90.jpg",Art,0.4230,Animals,0.1682,Nature,0.0918
capybara_t-shirt_10.jpg,Capybara T-Shirt,littlemandyart,24,Food,0.4044,hybrid (image+text),Animals,2026-07-04,https://www.teepublic.com/t-shirt/19216677-capybara,"https://images.teepublic.com/derived/production/designs/19216677_0/1748016039/i_p:c_2e2e2e,s_630,q_90.jpg",Food,0.4044,Animals,0.3880,Pets,0.1070
squirrel_t-shirt_11.jpg,Squirrel T-Shirt,MightTs,24,Nature,0.5624,image only,Animals,2026-07-04,https://www.teepublic.com/t-shirt/91329270-squirrel,"https://images.teepublic.com/derived/production/designs/91329270_0/1748016039/i_p:c_2e2e2e,s_630,q_90.jpg",Nature,0.5624,Animals,0.1791,Pets,0.0773
ravens_t-shirt_13.jpg,Ravens T-Shirt,vvilczy,24,Uncertain - needs review,0.1458,image only,Animals,2026-07-04,https://www.teepublic.com/t-shirt/5958943-ravens,"https://images.teepublic.com/derived/production/designs/5958943_0/1748016039/i_p:c_2e2e2e,s_630,q_90.jpg",Animals,0.1458,Seasonal,0.1406,Nature,0.1252
penguin_t-shirt_14.jpg,Penguin T-Shirt,littlemandyart,24,Animals,0.5238,hybrid (image+text),Animals,2026-07-04,https://www.teepublic.com/t-shirt/5597774-penguin,"https://images.teepublic.com/derived/production/designs/5597774_0/1748016039/i_p:c_2e2e2e,s_630,q_90.jpg",Animals,0.5238,Seasonal,0.0884,Pets,0.0865
the_spooky_warrior_duck_t-shirt_15.jpg,The Spooky Warrior Duck T-Shirt,KilkennyCat Art,24,Gaming,0.4104,image only,Animals,2026-07-04,https://www.teepublic.com/t-shirt/59433067-the-spooky-warrior-duck,"https://images.teepublic.com/derived/production/designs/59433067_0/1748016039/i_p:c_2e2e2e,s_630,q_90.jpg",Gaming,0.4104,Seasonal,0.1725,Anime,0.0842
mesozoic_era_t-shirt_16.jpg,Mesozoic_Era T-Shirt,opawapo,24,Uncertain - needs review,0.1972,image only,Animals,2026-07-04,https://www.teepublic.com/t-shirt/119742-mesozoic_era,"https://images.teepublic.com/derived/production/designs/119742_0/1748016039/i_p:c_2e2e2e,s_630,q_90.jpg",Gaming,0.1972,Nature,0.1955,Animals,0.1617
funny_ferret_selfie_with_t-rex_dinosaur_t-shirt_17.jpg,Funny Ferret Selfie with T-Rex Dinosaur T-Shirt,Majesty article,24,Animals,0.3155,hybrid (image+text),Animals,2026-07-04,https://www.teepublic.com/t-shirt/86901425-funny-ferret-selfie-with-t-rex-dinosaur,"https://images.teepublic.com/derived/production/designs/86901425_0/1748016039/i_p:c_2e2e2e,s_630,q_90.jpg",Animals,0.3155,Humor,0.3041,Nature,0.1242
jurassic_ukiyo-e_1_t-shirt_18.jpg,Jurassic Ukiyo-e 1 T-Shirt,Meowster Catana by Vincent Trinidad Art,24,Nature,0.3818,image only,Animals,2026-07-04,https://www.teepublic.com/t-shirt/12965390-jurassic-ukiyo-e-1,"https://images.teepublic.com/derived/production/designs/12965390_0/1748016039/i_p:c_2e2e2e,s_630,q_90.jpg",Nature,0.3818,Travel,0.1912,Vintage,0.1550
lucys_psychiatric_help_t-shirt_19.jpg,Lucy's Psychiatric Help T-Shirt,Likeyi,24,Professions,0.5998,image only,Animals,2026-07-04,https://www.teepublic.com/t-shirt/89162145-lucy-s-psychiatric-help,"https://images.teepublic.com/derived/production/designs/89162145_0/1748016039/i_p:c_2e2e2e,s_630,q_90.jpg",Professions,0.5998,Pop Culture,0.2063,Humor,0.0498
my_spirit_animal_is_a_sloth_t-shirt_20.jpg,My spirit animal is a sloth T-Shirt,LunaMay,24,Animals,0.4593,hybrid (image+text),Animals,2026-07-04,https://www.teepublic.com/t-shirt/9993359-my-spirit-animal-is-a-sloth,"https://images.teepublic.com/derived/production/designs/9993359_0/1748016039/i_p:c_2e2e2e,s_630,q_90.jpg",Animals,0.4593,Seasonal,0.1475,Spiritual,0.0750
id_rather_be_playing_tag_gorilla_monkey_gorilla_vr_gamer_t-s_21.jpg,I'd Rather Be Playing Tag Gorilla Monkey Gorilla Vr Gamer T-Shirt,Smoog Luna,24,Gaming,0.7403,hybrid (image+text),Animals,2026-07-04,https://www.teepublic.com/t-shirt/72948963-id-rather-be-playing-tag-gorilla-monkey-gorilla-vr,"https://images.teepublic.com/derived/production/designs/72948963_0/1748016039/i_p:c_2e2e2e,s_630,q_90.jpg",Gaming,0.7403,Animals,0.2034,Pop Culture,0.0181
gorilla_tag_lets_go_monke_team_t-shirt_vr_t-shirt_22.jpg,Gorilla Tag Let's Go Monke Team T-Shirt VR T-Shirt,gorillatagshop,24,Uncertain - needs review,0.2239,image only,Animals,2026-07-04,https://www.teepublic.com/t-shirt/53595299-gorilla-tag-let-s-go-monke-team-t-shirt-vr,"https://images.teepublic.com/derived/production/designs/53595299_0/1748016039/i_p:c_2e2e2e,s_630,q_90.jpg",Pop Culture,0.2239,Art,0.1882,Animals,0.1571
space_turtles_t-shirt_23.jpg,Space Turtles T-Shirt,Maike Vierkant (@Maibbit),24,Uncertain - needs review,0.2786,image only,Animals,2026-07-04,https://www.teepublic.com/t-shirt/94130-space-turtles,"https://images.teepublic.com/derived/production/designs/94130_0/1748016039/i_p:c_2e2e2e,s_630,q_90.jpg",Gaming,0.2786,Animals,0.2042,Nature,0.0746
scottish_kelpie_water_horse_mythological_spirit_tattoo_art_t_24.jpg,Scottish Kelpie Water Horse Mythological Spirit Tattoo Art T-Shirt,Yaymertch,24,Uncertain - needs review,0.2684,hybrid (image+text),Animals,2026-07-04,https://www.teepublic.com/t-shirt/87959249-scottish-kelpie-water-horse-mythological-spirit-ta,"https://images.teepublic.com/derived/production/designs/87959249_0/1748016039/i_p:c_2e2e2e,s_630,q_90.jpg",Animals,0.2684,Art,0.2161,Nature,0.1247
man_bear_pig_south_park_t-shirt_25.jpg,Man Bear Pig (South Park) T-Shirt,Kebakkaran,24,Animals,0.5861,hybrid (image+text),Animals,2026-07-04,https://www.teepublic.com/t-shirt/6216081-man-bear-pig-south-park,"https://images.teepublic.com/derived/production/designs/6216081_0/1748016039/i_p:c_2e2e2e,s_630,q_90.jpg",Animals,0.5861,Pets,0.1047,Gaming,0.0641
the_earth_dragon_t-shirt_26.jpg,The Earth Dragon T-Shirt,Black &amp; Elise,24,Anime,0.3433,hybrid (image+text),Animals,2026-07-04,https://www.teepublic.com/t-shirt/12718674-the-earth-dragon,"https://images.teepublic.com/derived/production/designs/12718674_0/1748016039/i_p:c_2e2e2e,s_630,q_90.jpg",Anime,0.3433,Art,0.1646,Animals,0.1549
frog_of_thunder_alt_print_t-shirt_27.jpg,Frog of Thunder (Alt Print) T-Shirt,Nerdology,24,Gaming,0.4201,hybrid (image+text),Animals,2026-07-04,https://www.teepublic.com/t-shirt/35273536-frog-of-thunder-alt-print,"https://images.teepublic.com/derived/production/designs/35273536_0/1748016039/i_p:c_2e2e2e,s_630,q_90.jpg",Gaming,0.4201,Pets,0.4040,Humor,0.0335
there_is_only_crab_t-shirt_28.jpg,There is only Crab T-Shirt,giovanniiiii,24,Uncertain - needs review,0.2198,image only,Animals,2026-07-04,https://www.teepublic.com/t-shirt/22744709-there-is-only-crab,"https://images.teepublic.com/derived/production/designs/22744709_0/1748016039/i_p:c_2e2e2e,s_630,q_90.jpg",Professions,0.2198,Lifestyle,0.1329,Food,0.0886
guppy_aircraft_t-shirt_29.jpg,Guppy Aircraft T-Shirt,Funky Aviation,24,Uncertain - needs review,0.1840,image only,Animals,2026-07-04,https://www.teepublic.com/t-shirt/55631854-guppy-aircraft,"https://images.teepublic.com/derived/production/designs/55631854_0/1748016039/i_p:c_2e2e2e,s_630,q_90.jpg",Gaming,0.1840,Vintage,0.1612,Travel,0.1269
islanders_fisherman_t-shirt_31.jpg,Islanders Fisherman T-Shirt,Dzsert/Elisha,24,Sports,0.5562,hybrid (image+text),Animals,2026-07-04,https://www.teepublic.com/t-shirt/71114257-islanders-fisherman,"https://images.teepublic.com/derived/production/designs/71114257_0/1748016039/i_p:c_2e2e2e,s_630,q_90.jpg",Sports,0.5562,Animals,0.4006,Gaming,0.0149
i_may_be_wrong_but_i_doubt_it_t-shirt_32.jpg,I May Be Wrong But I Doubt It T-Shirt,The Shoviere,24,Uncertain - needs review,0.2908,image only,Funny,2026-07-04,https://www.teepublic.com/t-shirt/58000845-i-may-be-wrong-but-i-doubt-it,"https://images.teepublic.com/derived/production/designs/58000845_0/1748016039/i_p:c_2e2e2e,s_630,q_90.jpg",Humor,0.2908,Art,0.1289,Sports,0.1011
adhd_t-shirt_33.jpg,ADHD T-Shirt,flimflamsam,24,Humor,0.4583,hybrid (image+text),Funny,2026-07-04,https://www.teepublic.com/t-shirt/17638145-adhd,"https://images.teepublic.com/derived/production/designs/17638145_0/1748016039/i_p:c_2e2e2e,s_630,q_90.jpg",Humor,0.4583,Gaming,0.1046,Pop Culture,0.0648
everything_is_fine_t-shirt_34.jpg,Everything Is Fine T-Shirt,Zonix Graffiti,24,Uncertain - needs review,0.2098,image only,Funny,2026-07-04,https://www.teepublic.com/t-shirt/74296583-everything-is-fine,"https://images.teepublic.com/derived/production/designs/74296583_0/1748016039/i_p:c_2e2e2e,s_630,q_90.jpg",Seasonal,0.2098,Pets,0.1443,Pop Culture,0.0990
heck_t-shirt_35.jpg,Heck T-Shirt,Possum Mood,24,Animals,0.4932,image only,Funny,2026-07-04,https://www.teepublic.com/t-shirt/17414687-heck,"https://images.teepublic.com/derived/production/designs/17414687_0/1748016039/i_p:c_2e2e2e,s_630,q_90.jpg",Animals,0.4932,Pets,0.1211,Nature,0.1134
who_the_fck_is_alice_t-shirt_36.jpg,Who the Fck Is Alice T-Shirt,Mama@rmi,24,Uncertain - needs review,0.2628,image only,Funny,2026-07-04,https://www.teepublic.com/t-shirt/87617022-who-the-fck-is-alice,"https://images.teepublic.com/derived/production/designs/87617022_0/1748016039/i_p:c_2e2e2e,s_630,q_90.jpg",Animals,0.2628,Humor,0.2157,Art,0.0929
omg_you_guys_thats_not_what_i_said_jesus_disappointed_t-shir_37.jpg,Omg You Guys That's Not What I Said Jesus Disappointed T-Shirt,Whimsy Wear Illustrations,24,Spiritual,0.7217,hybrid (image+text),Funny,2026-07-04,https://www.teepublic.com/t-shirt/74667686-omg-you-guys-thats-not-what-i-said-jesus-disappoin,"https://images.teepublic.com/derived/production/designs/74667686_0/1748016039/i_p:c_2e2e2e,s_630,q_90.jpg",Spiritual,0.7217,Humor,0.0948,Pop Culture,0.0810
this_is_fine_t-shirt_38.jpg,This is Fine T-Shirt,Grunge Salad,24,Seasonal,0.4199,image only,Funny,2026-07-04,https://www.teepublic.com/t-shirt/60477987-this-is-fine,"https://images.teepublic.com/derived/production/designs/60477987_0/1748016039/i_p:c_2e2e2e,s_630,q_90.jpg",Seasonal,0.4199,Pets,0.1072,Humor,0.0996
x_smiley_t-shirt_39.jpg,x Smiley T-Shirt,LightniNG Underground,24,Uncertain - needs review,0.1142,image only,Funny,2026-07-04,https://www.teepublic.com/t-shirt/52752863-x-smiley,"https://images.teepublic.com/derived/production/designs/52752863_0/1748016039/i_p:c_2e2e2e,s_630,q_90.jpg",Humor,0.1142,Art,0.1053,Anime,0.0950
do_not_narcan_me_t-shirt_40.jpg,Do Not Narcan Me T-Shirt,Baba Malik,24,Uncertain - needs review,0.2402,image only,Funny,2026-07-04,https://www.teepublic.com/t-shirt/66211901-do-not-narcan-me,"https://images.teepublic.com/derived/production/designs/66211901_0/1748016039/i_p:c_2e2e2e,s_630,q_90.jpg",Humor,0.2402,Lifestyle,0.1722,Pop Culture,0.1200
bunny_t-shirt_41.jpg,Bunny T-Shirt,Noodleink,24,Pets,0.6199,image only,Funny,2026-07-04,https://www.teepublic.com/t-shirt/84793198-bunny,"https://images.teepublic.com/derived/production/designs/84793198_0/1748016039/i_p:c_2e2e2e,s_630,q_90.jpg",Pets,0.6199,Animals,0.0987,Seasonal,0.0849
caucasians_t-shirt_42.jpg,Caucasians T-Shirt,Fiends,24,Pop Culture,0.5057,hybrid (image+text),Funny,2026-07-04,https://www.teepublic.com/t-shirt/12220945-caucasians,"https://images.teepublic.com/derived/production/designs/12220945_0/1748016039/i_p:c_2e2e2e,s_630,q_90.jpg",Pop Culture,0.5057,Sports,0.2078,Humor,0.0563
shut_the_fucupcakes_t-shirt_43.jpg,SHUT THE FUCUPCAKES T-Shirt,JohnetteMcdonnell,24,Food,0.5361,hybrid (image+text),Funny,2026-07-04,https://www.teepublic.com/t-shirt/10895995-shut-the-fucupcakes,"https://images.teepublic.com/derived/production/designs/10895995_0/1748016039/i_p:c_2e2e2e,s_630,q_90.jpg",Food,0.5361,Pop Culture,0.1573,Humor,0.0922
there_are_two_types_of_people_in_this_world_t-shirt_44.jpg,There Are Two Types Of People In This World T-Shirt,HayesHanna3bE2e,24,Travel,0.4096,hybrid (image+text),Funny,2026-07-04,https://www.teepublic.com/t-shirt/10167575-there-are-two-types-of-people-in-this-world,"https://images.teepublic.com/derived/production/designs/10167575_0/1748016039/i_p:c_2e2e2e,s_630,q_90.jpg",Travel,0.4096,Professions,0.1136,Humor,0.0753
people_are_like_slinkies_t-shirt_45.jpg,People are Like Slinkies T-Shirt,UrbanLifeApparel,24,Humor,0.5822,image only,Funny,2026-07-04,https://www.teepublic.com/t-shirt/74323253-people-are-like-slinkies,"https://images.teepublic.com/derived/production/designs/74323253_0/1748016039/i_p:c_2e2e2e,s_630,q_90.jpg",Humor,0.5822,Lifestyle,0.0785,Pop Culture,0.0622
behind_the_bastards_legacy_t-shirt_46.jpg,Behind The Bastards Legacy T-Shirt,Baugh Carys,24,Uncertain - needs review,0.2081,image only,Funny,2026-07-04,https://www.teepublic.com/t-shirt/67628119-behind-the-bastards-legacy,"https://images.teepublic.com/derived/production/designs/67628119_0/1748016039/i_p:c_2e2e2e,s_630,q_90.jpg",Music,0.2081,Humor,0.1826,Gaming,0.1577
ferda_boys_girls_t-shirt_48.jpg,Ferda Boys & Girls T-Shirt,TJF Design,24,Uncertain - needs review,0.1329,image only,Funny,2026-07-04,https://www.teepublic.com/t-shirt/21164817-ferda-boys-and-girls,"https://images.teepublic.com/derived/production/designs/21164817_0/1748016039/i_p:c_2e2e2e,s_630,q_90.jpg",Food,0.1329,Vintage,0.0893,Music,0.0866
math_clock_meme_funny_mathematics_clock_math_meme_t-shirt_49.jpg,Math Clock Meme Funny Mathematics Clock Math Meme T-Shirt,ShirTomDesigns,24,Humor,0.4303,hybrid (image+text),Funny,2026-07-04,https://www.teepublic.com/t-shirt/26224562-math-clock-meme-funny-mathematics-clock-math-meme,"https://images.teepublic.com/derived/production/designs/26224562_0/1748016039/i_p:c_2e2e2e,s_630,q_90.jpg",Humor,0.4303,Seasonal,0.1169,Music,0.0585
im_thinking_apple_wheel_of_death_design_t-shirt_52.jpg,I'm Thinking Apple Wheel of Death Design T-Shirt,Fisheyed Graphics,24,Uncertain - needs review,0.1961,image only,Funny,2026-07-04,https://www.teepublic.com/t-shirt/25179689-im-thinking-apple-wheel-of-death-design,"https://images.teepublic.com/derived/production/designs/25179689_0/1748016039/i_p:c_2e2e2e,s_630,q_90.jpg",Lifestyle,0.1961,Humor,0.1397,Spiritual,0.1347
this_is_why_we_cant_have_nice_things_t-shirt_53.jpg,THIS IS WHY WE CAN'T HAVE NICE THINGS T-Shirt,obinsun,24,Pets,0.4566,image only,Funny,2026-07-04,https://www.teepublic.com/t-shirt/59714032-this-is-why-we-cant-have-nice-things,"https://images.teepublic.com/derived/production/designs/59714032_0/1748016039/i_p:c_2e2e2e,s_630,q_90.jpg",Pets,0.4566,Animals,0.2297,Humor,0.0646
the_horrors_persist_hamster_t-shirt_54.jpg,the horrors persist hamster T-Shirt,hunnydoll,24,Pets,0.6308,hybrid (image+text),Funny,2026-07-04,https://www.teepublic.com/t-shirt/52621938-the-horrors-persist-hamster,"https://images.teepublic.com/derived/production/designs/52621938_0/1748016039/i_p:c_2e2e2e,s_630,q_90.jpg",Pets,0.6308,Humor,0.0974,Lifestyle,0.0550
nope_cat_t-shirt_55.jpg,Nope Cat T-Shirt,ellenhenryart,24,Animals,0.4369,hybrid (image+text),Funny,2026-07-04,https://www.teepublic.com/t-shirt/64510429-nope-cat,"https://images.teepublic.com/derived/production/designs/64510429_0/1748016039/i_p:c_2e2e2e,s_630,q_90.jpg",Animals,0.4369,Humor,0.1314,Pets,0.1068
silly_goose_on_the_loose_t-shirt_56.jpg,silly goose on the loose T-Shirt,onyxicca liar,24,Humor,0.4466,hybrid (image+text),Funny,2026-07-04,https://www.teepublic.com/t-shirt/38074373-silly-goose-on-the-loose,"https://images.teepublic.com/derived/production/designs/38074373_0/1748016039/i_p:c_2e2e2e,s_630,q_90.jpg",Humor,0.4466,Animals,0.2143,Seasonal,0.0612
hello_darkness_my_old_friend_t-shirt_57.jpg,Hello Darkness My Old Friend T-Shirt,Vault Emporium,24,Uncertain - needs review,0.1769,image only,Funny,2026-07-04,https://www.teepublic.com/t-shirt/89656694-hello-darkness-my-old-friend,"https://images.teepublic.com/derived/production/designs/89656694_0/1748016039/i_p:c_2e2e2e,s_630,q_90.jpg",Humor,0.1769,Pop Culture,0.1465,Seasonal,0.1187
weyland_yutani_t-shirt_58.jpg,Weyland Yutani T-Shirt,familiaritees,24,Pop Culture,0.4459,hybrid (image+text),Funny,2026-07-04,https://www.teepublic.com/t-shirt/87020-weyland-yutani,"https://images.teepublic.com/derived/production/designs/87020_0/1748016039/i_p:c_2e2e2e,s_630,q_90.jpg",Pop Culture,0.4459,Gaming,0.2880,Professions,0.0617
fedex_parody_fedup_01_t-shirt_59.jpg,FedEX Parody FedUP 01 T-Shirt,kaitokid,24,Pop Culture,0.3325,image only,Funny,2026-07-04,https://www.teepublic.com/t-shirt/22170902-fedex-parody-fedup-01,"https://images.teepublic.com/derived/production/designs/22170902_0/1748016039/i_p:c_2e2e2e,s_630,q_90.jpg",Pop Culture,0.3325,Lifestyle,0.1096,Humor,0.0708
sans_retro_japanese_undertale_t-shirt_60.jpg,Sans Retro Japanese Undertale T-Shirt,Nova5,24,Uncertain - needs review,0.2173,hybrid (image+text),Gaming,2026-07-04,https://www.teepublic.com/t-shirt/12924081-sans-retro-japanese-undertale,"https://images.teepublic.com/derived/production/designs/12924081_0/1748016039/i_p:c_2e2e2e,s_630,q_90.jpg",Vintage,0.2173,Food,0.2025,Gaming,0.1007
no_robes_no_masters_-_teal_text_t-shirt_61.jpg,No Robes No Masters - Teal Text T-Shirt,5-4 Podcast,24,Professions,0.5899,image only,Gaming,2026-07-04,https://www.teepublic.com/t-shirt/45836546-no-robes-no-masters-teal-text,"https://images.teepublic.com/derived/production/designs/45836546_0/1748016039/i_p:c_2e2e2e,s_630,q_90.jpg",Professions,0.5899,Art,0.1203,Pop Culture,0.0522
knight_solaire_dark_souls_warriors_of_sunlight_t-shirt_62.jpg,Knight Solaire Dark Souls Warriors of Sunlight T-Shirt,TKL,24,Spiritual,0.5430,hybrid (image+text),Gaming,2026-07-04,https://www.teepublic.com/t-shirt/57907922-knight-solaire-dark-souls-warriors-of-sunlight,"https://images.teepublic.com/derived/production/designs/57907922_0/1748016039/i_p:c_2e2e2e,s_630,q_90.jpg",Spiritual,0.5430,Seasonal,0.1891,Vintage,0.0552
dungeons_dragons_t-shirt_63.jpg,Dungeons & Dragons T-Shirt,Bodya,24,Gaming,0.3245,hybrid (image+text),Gaming,2026-07-04,https://www.teepublic.com/t-shirt/11827901-dungeons-and-dragons,"https://images.teepublic.com/derived/production/designs/11827901_0/1748016039/i_p:c_2e2e2e,s_630,q_90.jpg",Gaming,0.3245,Animals,0.2390,Art,0.0786
introvert_but_willing_to_discuss_video_games_t-shirt_65.jpg,Introvert but willing to discuss video games T-Shirt,LunaMay,24,Gaming,0.7700,hybrid (image+text),Gaming,2026-07-04,https://www.teepublic.com/t-shirt/8993615-introvert-but-willing-to-discuss-video-games,"https://images.teepublic.com/derived/production/designs/8993615_0/1748016039/i_p:c_2e2e2e,s_630,q_90.jpg",Gaming,0.7700,Humor,0.2112,Lifestyle,0.0045
xenon_pinball_1980_t-shirt_68.jpg,Xenon Pinball 1980 T-Shirt,Trazzo,24,Uncertain - needs review,0.2926,hybrid (image+text),Gaming,2026-07-04,https://www.teepublic.com/t-shirt/7770941-xenon-pinball-1980,"https://images.teepublic.com/derived/production/designs/7770941_0/1748016039/i_p:c_2e2e2e,s_630,q_90.jpg",Vintage,0.2926,Sports,0.2092,Pop Culture,0.1448
burgertime_t-shirt_69.jpg,Burgertime T-Shirt,Unknown,24,Food,0.8020,hybrid (image+text),Gaming,2026-07-04,https://www.teepublic.com/t-shirt/32045796-burgertime,"https://images.teepublic.com/derived/production/designs/32045796_0/1748016039/i_p:c_2e2e2e,s_630,q_90.jpg",Food,0.8020,Gaming,0.0780,Pop Culture,0.0384
tupac-man_t-shirt_70.jpg,TUPAC-MAN T-Shirt,Snackin' and Yakkin' Swag,24,Pop Culture,0.4820,image only,Gaming,2026-07-04,https://www.teepublic.com/t-shirt/88408730-tupac-man,"https://images.teepublic.com/derived/production/designs/88408730_0/1748016039/i_p:c_2e2e2e,s_630,q_90.jpg",Pop Culture,0.4820,Humor,0.1436,Vintage,0.0759
neo-geo_logo_t-shirt_71.jpg,NEO-GEO logo T-Shirt,YAMARA,24,Gaming,0.3988,image only,Gaming,2026-07-04,https://www.teepublic.com/t-shirt/2435118-neo-geo-logo,"https://images.teepublic.com/derived/production/designs/2435118_0/1748016039/i_p:c_2e2e2e,s_630,q_90.jpg",Gaming,0.3988,Anime,0.1152,Nature,0.0768
life_is_short_play_more_magic_t-shirt_72.jpg,Life is Short. Play more Magic T-Shirt,ChristophZombie,24,Uncertain - needs review,0.2690,image only,Gaming,2026-07-04,https://www.teepublic.com/t-shirt/38810746-life-is-short-play-more-magic,"https://images.teepublic.com/derived/production/designs/38810746_0/1748016039/i_p:c_2e2e2e,s_630,q_90.jpg",Lifestyle,0.2690,Gaming,0.1950,Humor,0.1335
golgari_swarm_t-shirt_73.jpg,Golgari Swarm T-Shirt,ohitsmagic,24,Gaming,0.6845,image only,Gaming,2026-07-04,https://www.teepublic.com/t-shirt/3591828-golgari-swarm,"https://images.teepublic.com/derived/production/designs/3591828_0/1748016039/i_p:c_2e2e2e,s_630,q_90.jpg",Gaming,0.6845,Humor,0.0798,Nature,0.0405
nope_tshirt_t-shirt_74.jpg,Nope TShirt T-Shirt,Designs by Mia Valley,24,Uncertain - needs review,0.1974,image only,Gaming,2026-07-04,https://www.teepublic.com/t-shirt/20110246-nope-tshirt,"https://images.teepublic.com/derived/production/designs/20110246_0/1748016039/i_p:c_2e2e2e,s_630,q_90.jpg",Humor,0.1974,Seasonal,0.1934,Sports,0.0944
doom_t-shirt_75.jpg,DOOM T-Shirt,Jack Bloom,24,Spiritual,0.8586,hybrid (image+text),Gaming,2026-07-04,https://www.teepublic.com/t-shirt/30144456-doom,"https://images.teepublic.com/derived/production/designs/30144456_0/1748016039/i_p:c_2e2e2e,s_630,q_90.jpg",Spiritual,0.8586,Art,0.0352,Vintage,0.0280
ultrakill_merch_t-shirt_76.jpg,ultrakill merch T-Shirt,Didi Art,24,Gaming,0.7119,image only,Gaming,2026-07-04,https://www.teepublic.com/t-shirt/82598617-ultrakill-merch,"https://images.teepublic.com/derived/production/designs/82598617_0/1748016039/i_p:c_2e2e2e,s_630,q_90.jpg",Gaming,0.7119,Anime,0.0839,Pop Culture,0.0357
black_mesa_half_life_t-shirt_77.jpg,BLACK MESA HALF LIFE T-Shirt,YAMARA,24,Uncertain - needs review,0.2953,image only,Gaming,2026-07-04,https://www.teepublic.com/t-shirt/14840641-black-mesa-half-life,"https://images.teepublic.com/derived/production/designs/14840641_0/1748016039/i_p:c_2e2e2e,s_630,q_90.jpg",Lifestyle,0.2953,Family,0.1320,Art,0.0857
we_built_this_city_on_rock_and_wheat_funny_board_games_t-shi_78.jpg,We Built This City on Rock and Wheat Funny Board Games T-Shirt,Pixel Coated,24,Uncertain - needs review,0.2108,hybrid (image+text),Gaming,2026-07-04,https://www.teepublic.com/t-shirt/46667840-we-built-this-city-on-rock-and-wheat-funny-board-g,"https://images.teepublic.com/derived/production/designs/46667840_0/1748016039/i_p:c_2e2e2e,s_630,q_90.jpg",Humor,0.2108,Music,0.2063,Food,0.1475
nice_move_t-shirt_79.jpg,Nice Move T-Shirt,HandsOffMyDinosaur,24,Gaming,0.5055,image only,Gaming,2026-07-04,https://www.teepublic.com/t-shirt/77827703-nice-move,"https://images.teepublic.com/derived/production/designs/77827703_0/1748016039/i_p:c_2e2e2e,s_630,q_90.jpg",Gaming,0.5055,Humor,0.2319,Pop Culture,0.0431
the_caylus_band_merch_t-shirt_80.jpg,The Caylus Band Merch T-Shirt,emmajunbolas,24,Music,0.4073,hybrid (image+text),Gaming,2026-07-04,https://www.teepublic.com/t-shirt/81734904-the-caylus-band-merch,"https://images.teepublic.com/derived/production/designs/81734904_0/1748016039/i_p:c_2e2e2e,s_630,q_90.jpg",Music,0.4073,Family,0.1451,Gaming,0.1260
roblox_t-shirt_81.jpg,roblox T-Shirt,Ninola Design,24,Uncertain - needs review,0.2764,image only,Gaming,2026-07-04,https://www.teepublic.com/t-shirt/10750175-roblox,"https://images.teepublic.com/derived/production/designs/10750175_0/1748016039/i_p:c_2e2e2e,s_630,q_90.jpg",Art,0.2764,Gaming,0.1584,Nature,0.0894
the_three_kpop_hunters_sumi_e_t-shirt_82.jpg,the three kpop hunters sumi e T-Shirt,Legendary Phoenix,24,Anime,0.3806,image only,Gaming,2026-07-04,https://www.teepublic.com/t-shirt/78477626-the-three-kpop-hunters-sumi-e,"https://images.teepublic.com/derived/production/designs/78477626_0/1748016039/i_p:c_2e2e2e,s_630,q_90.jpg",Anime,0.3806,Pop Culture,0.2157,Family,0.1787
ice_frog_t-shirt_85.jpg,Ice Frog T-Shirt,Chicken Bills,24,Pets,0.4183,hybrid (image+text),Gaming,2026-07-04,https://www.teepublic.com/t-shirt/52145659-ice-frog,"https://images.teepublic.com/derived/production/designs/52145659_0/1748016039/i_p:c_2e2e2e,s_630,q_90.jpg",Pets,0.4183,Seasonal,0.2673,Nature,0.1061
brotherhood_tournament_vintage_t-shirt_86.jpg,Brotherhood Tournament Vintage T-Shirt,Tshirt Nation Store,24,Uncertain - needs review,0.2932,hybrid (image+text),Gaming,2026-07-04,https://www.teepublic.com/t-shirt/2724686-brotherhood-tournament-vintage,"https://images.teepublic.com/derived/production/designs/2724686_0/1748016039/i_p:c_2e2e2e,s_630,q_90.jpg",Sports,0.2932,Gaming,0.2140,Family,0.2128
the_final_frontier_t-shirt_87.jpg,The Final Frontier T-Shirt,RanTue,24,Pop Culture,0.4492,image only,Gaming,2026-07-04,https://www.teepublic.com/t-shirt/31182124-the-final-frontier,"https://images.teepublic.com/derived/production/designs/31182124_0/1748016039/i_p:c_2e2e2e,s_630,q_90.jpg",Pop Culture,0.4492,Gaming,0.2630,Vintage,0.0656
that_girl_t-shirt_88.jpg,THAT GIRL T-Shirt,Expandable Studios,24,Pop Culture,0.3296,image only,Movies,2026-07-04,https://www.teepublic.com/t-shirt/2859848-that-girl,"https://images.teepublic.com/derived/production/designs/2859848_0/1748016039/i_p:c_2e2e2e,s_630,q_90.jpg",Pop Culture,0.3296,Vintage,0.1324,Humor,0.0814
the_ghost_and_mr_chicken_t-shirt_89.jpg,The Ghost and Mr. Chicken T-Shirt,Screen Fiend Merch,24,Vintage,0.3852,image only,Movies,2026-07-04,https://www.teepublic.com/t-shirt/15579191-the-ghost-and-mr-chicken,"https://images.teepublic.com/derived/production/designs/15579191_0/1748016039/i_p:c_2e2e2e,s_630,q_90.jpg",Vintage,0.3852,Food,0.1042,Pop Culture,0.0846
gus_polinski_and_the_kenosha_kickers_t-shirt_91.jpg,Gus Polinski and the Kenosha Kickers T-Shirt,Alema Art,24,Vintage,0.3304,image only,Movies,2026-07-04,https://www.teepublic.com/t-shirt/27910206-gus-polinski-and-the-kenosha-kickers,"https://images.teepublic.com/derived/production/designs/27910206_0/1748016039/i_p:c_2e2e2e,s_630,q_90.jpg",Vintage,0.3304,Food,0.1591,Sports,0.1373
rebel_blueprint_t-shirt_92.jpg,Rebel Blueprint T-Shirt,Drsimonbutler's Tee Surgery,24,Pop Culture,0.4783,image only,Movies,2026-07-04,https://www.teepublic.com/t-shirt/57692665-rebel-blueprint,"https://images.teepublic.com/derived/production/designs/57692665_0/1748016039/i_p:c_2e2e2e,s_630,q_90.jpg",Pop Culture,0.4783,Professions,0.0745,Spiritual,0.0744
shin_godzilla_t-shirt_93.jpg,Shin Godzilla T-Shirt,MPSTO,24,Anime,0.6769,image only,Movies,2026-07-04,https://www.teepublic.com/t-shirt/5090103-shin-godzilla,"https://images.teepublic.com/derived/production/designs/5090103_0/1748016039/i_p:c_2e2e2e,s_630,q_90.jpg",Anime,0.6769,Nature,0.0616,Gaming,0.0541
watchmen_smiley_t-shirt_94.jpg,Watchmen Smiley T-Shirt,Nikita Abakumov,24,Uncertain - needs review,0.2726,image only,Movies,2026-07-04,https://www.teepublic.com/t-shirt/22412452-watchmen-smiley,"https://images.teepublic.com/derived/production/designs/22412452_0/1748016039/i_p:c_2e2e2e,s_630,q_90.jpg",Humor,0.2726,Spiritual,0.2038,Seasonal,0.1047
visit_arrakis_-_vintage_distressed_surf_-_dune_-_sci_fi_t-sh_95.jpg,Visit Arrakis - Vintage Distressed Surf - Dune - Sci Fi T-Shirt,Nemons,24,Uncertain - needs review,0.2565,hybrid (image+text),Movies,2026-07-04,https://www.teepublic.com/t-shirt/4742645-visit-arrakis-vintage-distressed-surf-dune-sci-fi,"https://images.teepublic.com/derived/production/designs/4742645_0/1748016039/i_p:c_2e2e2e,s_630,q_90.jpg",Vintage,0.2565,Pop Culture,0.2194,Animals,0.1465
hulkamania_yellow_retro_vintage_t-shirt_96.jpg,Hulkamania Yellow Retro Vintage T-Shirt,albert_1783,24,Vintage,0.4147,hybrid (image+text),Movies,2026-07-04,https://www.teepublic.com/t-shirt/39006536-hulkamania-yellow-retro-vintage,"https://images.teepublic.com/derived/production/designs/39006536_0/1748016039/i_p:c_2e2e2e,s_630,q_90.jpg",Vintage,0.4147,Humor,0.1406,Pop Culture,0.1002
goose_helmet_t-shirt_97.jpg,Goose Helmet T-Shirt,MBK,24,Sports,0.6613,image only,Movies,2026-07-04,https://www.teepublic.com/t-shirt/2343763-goose-helmet,"https://images.teepublic.com/derived/production/designs/2343763_0/1748016039/i_p:c_2e2e2e,s_630,q_90.jpg",Sports,0.6613,Gaming,0.1104,Pop Culture,0.0409
sing_cuckoo_t-shirt_100.jpg,Sing Cuckoo! T-Shirt,SlipperyJack,24,Spiritual,0.4890,image only,Movies,2026-07-04,https://www.teepublic.com/t-shirt/5160001-sing-cuckoo,"https://images.teepublic.com/derived/production/designs/5160001_0/1748016039/i_p:c_2e2e2e,s_630,q_90.jpg",Spiritual,0.4890,Family,0.1738,Art,0.0672
groovy_t-shirt_101.jpg,Groovy T-Shirt,MarianoSan83,24,Pop Culture,0.4660,image only,Movies,2026-07-04,https://www.teepublic.com/t-shirt/10160293-groovy,"https://images.teepublic.com/derived/production/designs/10160293_0/1748016039/i_p:c_2e2e2e,s_630,q_90.jpg",Pop Culture,0.4660,Gaming,0.1331,Professions,0.1160
scream_vi_t-shirt_102.jpg,Scream VI T-Shirt,AMON Tees,24,Uncertain - needs review,0.2059,image only,Movies,2026-07-04,https://www.teepublic.com/t-shirt/39417462-scream-vi,"https://images.teepublic.com/derived/production/designs/39417462_0/1748016039/i_p:c_2e2e2e,s_630,q_90.jpg",Gaming,0.2059,Art,0.1340,Anime,0.1242
got_murder_call_captain_spaulding_t-shirt_103.jpg,Got Murder Call Captain Spaulding! T-Shirt,Iron Astronaut,24,Food,0.7027,image only,Movies,2026-07-04,https://www.teepublic.com/t-shirt/58585503-got-murder-call-captain-spaulding,"https://images.teepublic.com/derived/production/designs/58585503_0/1748016039/i_p:c_2e2e2e,s_630,q_90.jpg",Food,0.7027,Pop Culture,0.1295,Vintage,0.0638
bohemian_power_t-shirt_104.jpg,Bohemian Power T-Shirt,Angel_Rotten,24,Family,0.6275,image only,Movies,2026-07-04,https://www.teepublic.com/t-shirt/4429264-bohemian-power,"https://images.teepublic.com/derived/production/designs/4429264_0/1748016039/i_p:c_2e2e2e,s_630,q_90.jpg",Family,0.6275,Gaming,0.2731,Pop Culture,0.0244
shark_tales_shrimp_quote_t-shirt_105.jpg,Shark Tales Shrimp Quote T-Shirt,ArtByCassidy,24,Uncertain - needs review,0.2853,hybrid (image+text),Movies,2026-07-04,https://www.teepublic.com/t-shirt/44073149-shark-tales-shrimp-quote,"https://images.teepublic.com/derived/production/designs/44073149_0/1748016039/i_p:c_2e2e2e,s_630,q_90.jpg",Humor,0.2853,Food,0.2077,Animals,0.2076
monster_emotions_t-shirt_106.jpg,Monster Emotions T-Shirt,studioyumie,24,Animals,0.3012,image only,Movies,2026-07-04,https://www.teepublic.com/t-shirt/5697802-monster-emotions,"https://images.teepublic.com/derived/production/designs/5697802_0/1748016039/i_p:c_2e2e2e,s_630,q_90.jpg",Animals,0.3012,Humor,0.1645,Pets,0.1589
kung_pow_-_enter_the_fist_t-shirt_108.jpg,kung pow - enter the fist T-Shirt,The Nightmare Inc,24,Pop Culture,0.3276,image only,Movies,2026-07-04,https://www.teepublic.com/t-shirt/87815058-kung-pow-enter-the-fist,"https://images.teepublic.com/derived/production/designs/87815058_0/1748016039/i_p:c_2e2e2e,s_630,q_90.jpg",Pop Culture,0.3276,Gaming,0.1912,Sports,0.1155
tmnt_michaelangelo_t-shirt_109.jpg,TMNT Michaelangelo T-Shirt,Undead Wizard,24,Spiritual,0.4037,hybrid (image+text),Movies,2026-07-04,https://www.teepublic.com/t-shirt/21431844-tmnt-michaelangelo,"https://images.teepublic.com/derived/production/designs/21431844_0/1748016039/i_p:c_2e2e2e,s_630,q_90.jpg",Spiritual,0.4037,Gaming,0.2486,Pop Culture,0.0733
ninjago_eyes_white_ninja_zane_fanart_fanmade_t-shirt_t-shirt_110.jpg,Ninjago Eyes WHITE Ninja ZANE FanArt FanMade T-Shirt T-Shirt,kaitokid,24,Art,0.4180,hybrid (image+text),Movies,2026-07-04,https://www.teepublic.com/t-shirt/35702330-ninjago-eyes-white-ninja-zane-fanart-fanmade-t-shi,"https://images.teepublic.com/derived/production/designs/35702330_0/1748016039/i_p:c_2e2e2e,s_630,q_90.jpg",Art,0.4180,Gaming,0.1574,Professions,0.0726
tmnt_krang_t-shirt_111.jpg,TMNT Krang T-Shirt,markodjeska,24,Uncertain - needs review,0.2164,image only,Movies,2026-07-04,https://www.teepublic.com/t-shirt/10901868-tmnt-krang,"https://images.teepublic.com/derived/production/designs/10901868_0/1748016039/i_p:c_2e2e2e,s_630,q_90.jpg",Humor,0.2164,Pop Culture,0.1575,Gaming,0.1358
ray_liotta_as_henry_hill_laughing_goodfellas_funny_guy_t-shi_113.jpg,Ray Liotta as Henry Hill Laughing Goodfellas Funny Guy T-Shirt,DarkLordPug,24,Humor,0.5480,hybrid (image+text),Movies,2026-07-04,https://www.teepublic.com/t-shirt/30988196-ray-liotta-as-henry-hill-laughing-goodfellas-funny,"https://images.teepublic.com/derived/production/designs/30988196_0/1748016039/i_p:c_2e2e2e,s_630,q_90.jpg",Humor,0.5480,Family,0.1253,Pop Culture,0.0920
aileen_wuornos_t-shirt_114.jpg,Aileen Wuornos T-Shirt,Andrejart,24,Uncertain - needs review,0.2019,image only,Movies,2026-07-04,https://www.teepublic.com/t-shirt/82700634-aileen-wuornos,"https://images.teepublic.com/derived/production/designs/82700634_0/1748016039/i_p:c_2e2e2e,s_630,q_90.jpg",Humor,0.2019,Professions,0.1839,Spiritual,0.1718
the_night_stalker_richard_ramirez_t-shirt_115.jpg,The Night Stalker Richard Ramirez T-Shirt,crimetime,24,Vintage,0.3363,image only,Movies,2026-07-04,https://www.teepublic.com/t-shirt/8350795-the-night-stalker-richard-ramirez,"https://images.teepublic.com/derived/production/designs/8350795_0/1748016039/i_p:c_2e2e2e,s_630,q_90.jpg",Vintage,0.3363,Lifestyle,0.3271,Art,0.0997
goonies_t-shirt_116.jpg,Goonies T-Shirt,screamousking,24,Gaming,0.4334,image only,Movies,2026-07-04,https://www.teepublic.com/t-shirt/84205440-goonies,"https://images.teepublic.com/derived/production/designs/84205440_0/1748016039/i_p:c_2e2e2e,s_630,q_90.jpg",Gaming,0.4334,Humor,0.0731,Pop Culture,0.0659
i_slapped_ouiser_boudreaux_-_steel_magnolias_t-shirt_117.jpg,I Slapped Ouiser Boudreaux - Steel Magnolias T-Shirt,Zero1M,24,Vintage,0.4357,image only,Movies,2026-07-04,https://www.teepublic.com/t-shirt/77525893-i-slapped-ouiser-boudreaux-steel-magnolias,"https://images.teepublic.com/derived/production/designs/77525893_0/1748016039/i_p:c_2e2e2e,s_630,q_90.jpg",Vintage,0.4357,Pop Culture,0.1962,Family,0.0822
would_be_a_lot_cooler_if_you_did_dazed_and_confused_t-shirt_118.jpg,Would Be A Lot Cooler If You Did Dazed And Confused T-Shirt,scribblejuice,24,Uncertain - needs review,0.2984,image only,Movies,2026-07-04,https://www.teepublic.com/t-shirt/82324179-would-be-a-lot-cooler-if-you-did-dazed-and-confuse,"https://images.teepublic.com/derived/production/designs/82324179_0/1748016039/i_p:c_2e2e2e,s_630,q_90.jpg",Vintage,0.2984,Pop Culture,0.1100,Lifestyle,0.0988
the_jet_-_sandlot_t-shirt_119.jpg,The Jet - Sandlot T-Shirt,GW ART Ilustration,24,Sports,0.7773,image only,Movies,2026-07-04,https://www.teepublic.com/t-shirt/39999907-the-jet-sandlot,"https://images.teepublic.com/derived/production/designs/39999907_0/1748016039/i_p:c_2e2e2e,s_630,q_90.jpg",Sports,0.7773,Vintage,0.1775,Pop Culture,0.0242
me_you_yo_mama_yo_cousin_too_t-shirt_120.jpg,Me You Yo Mama Yo Cousin Too T-Shirt,valentinahramov,24,Family,0.5682,image only,Music,2026-07-04,https://www.teepublic.com/t-shirt/30523683-me-you-yo-mama-yo-cousin-too,"https://images.teepublic.com/derived/production/designs/30523683_0/1748016039/i_p:c_2e2e2e,s_630,q_90.jpg",Family,0.5682,Pop Culture,0.1480,Lifestyle,0.0927
mf_doom_mode_green_t-shirt_121.jpg,mf doom mode green T-Shirt,MATAMUCAK,24,Spiritual,0.4156,hybrid (image+text),Music,2026-07-04,https://www.teepublic.com/t-shirt/36114116-mf-doom-mode-green,"https://images.teepublic.com/derived/production/designs/36114116_0/1748016039/i_p:c_2e2e2e,s_630,q_90.jpg",Spiritual,0.4156,Anime,0.0603,Family,0.0576
vintage_look_wu_tang_clan_t-shirt_122.jpg,Vintage look Wu Tang Clan T-Shirt,The Ginger Effect,24,Vintage,0.4790,hybrid (image+text),Music,2026-07-04,https://www.teepublic.com/t-shirt/76346239-vintage-look-wu-tang-clan,"https://images.teepublic.com/derived/production/designs/76346239_0/1748016039/i_p:c_2e2e2e,s_630,q_90.jpg",Vintage,0.4790,Gaming,0.1355,Music,0.0706
pauls_boutique_t-shirt_123.jpg,Pauls Boutique T-Shirt,Moekaera,24,Lifestyle,0.3231,image only,Music,2026-07-04,https://www.teepublic.com/t-shirt/36993876-pauls-boutique,"https://images.teepublic.com/derived/production/designs/36993876_0/1748016039/i_p:c_2e2e2e,s_630,q_90.jpg",Lifestyle,0.3231,Vintage,0.2317,Sports,0.0705
tool_band_-_gikandiono_6_t-shirt_124.jpg,Tool Band - gikandiono #6 T-Shirt,gikandiono,24,Music,0.4479,hybrid (image+text),Music,2026-07-04,https://www.teepublic.com/t-shirt/79834893-tool-band-gikandiono-6,"https://images.teepublic.com/derived/production/designs/79834893_0/1748016039/i_p:c_2e2e2e,s_630,q_90.jpg",Music,0.4479,Spiritual,0.2653,Gaming,0.0721
legends_of_rock_guitar_retro_t-shirt_125.jpg,Legends Of Rock Guitar Retro T-Shirt,Tri's Works,24,Music,0.8213,hybrid (image+text),Music,2026-07-04,https://www.teepublic.com/t-shirt/85140636-legends-of-rock-guitar-retro,"https://images.teepublic.com/derived/production/designs/85140636_0/1748016039/i_p:c_2e2e2e,s_630,q_90.jpg",Music,0.8213,Vintage,0.1409,Pop Culture,0.0153
rush_band_retro_t-shirt_126.jpg,Rush Band Retro T-Shirt,Structureart,24,Uncertain - needs review,0.2783,hybrid (image+text),Music,2026-07-04,https://www.teepublic.com/t-shirt/68116676-rush-band-retro,"https://images.teepublic.com/derived/production/designs/68116676_0/1748016039/i_p:c_2e2e2e,s_630,q_90.jpg",Music,0.2783,Vintage,0.2721,Pop Culture,0.2066
money_for_nothing_t-shirt_127.jpg,Money For Nothing T-Shirt,Art And Soul,24,Music,0.8314,image only,Music,2026-07-04,https://www.teepublic.com/t-shirt/62278514-money-for-nothing,"https://images.teepublic.com/derived/production/designs/62278514_0/1748016039/i_p:c_2e2e2e,s_630,q_90.jpg",Music,0.8314,Art,0.0313,Vintage,0.0236
diana_ross_t-shirt_128.jpg,diana ross T-Shirt,shout bay_city,24,Vintage,0.4414,image only,Music,2026-07-04,https://www.teepublic.com/t-shirt/39815619-diana-ross,"https://images.teepublic.com/derived/production/designs/39815619_0/1748016039/i_p:c_2e2e2e,s_630,q_90.jpg",Vintage,0.4414,Art,0.1493,Music,0.1121
erykah_badu_-_vintage_t-shirt_129.jpg,Erykah Badu - VINTAGE T-Shirt,bengkelmarimin,24,Vintage,0.5508,hybrid (image+text),Music,2026-07-04,https://www.teepublic.com/t-shirt/37993250-erykah-badu-vintage,"https://images.teepublic.com/derived/production/designs/37993250_0/1748016039/i_p:c_2e2e2e,s_630,q_90.jpg",Vintage,0.5508,Art,0.1595,Music,0.0919
sade_t-shirt_130.jpg,Sade T-Shirt,GW ART Ilustration,24,Uncertain - needs review,0.2976,image only,Music,2026-07-04,https://www.teepublic.com/t-shirt/62569584-sade,"https://images.teepublic.com/derived/production/designs/62569584_0/1748016039/i_p:c_2e2e2e,s_630,q_90.jpg",Vintage,0.2976,Music,0.2346,Lifestyle,0.1236
soul_train_vintage_t-shirt_131.jpg,soul train vintage T-Shirt,fungusia,24,Spiritual,0.3102,hybrid (image+text),Music,2026-07-04,https://www.teepublic.com/t-shirt/60278127-soul-train-vintage,"https://images.teepublic.com/derived/production/designs/60278127_0/1748016039/i_p:c_2e2e2e,s_630,q_90.jpg",Spiritual,0.3102,Vintage,0.2692,Music,0.0863
claypool_retro_shadow_vintage_t-shirt_132.jpg,Claypool Retro Shadow Vintage T-Shirt,ROBOT BOBROX,24,Vintage,0.4340,hybrid (image+text),Music,2026-07-04,https://www.teepublic.com/t-shirt/76524442-claypool-retro-shadow-vintage,"https://images.teepublic.com/derived/production/designs/76524442_0/1748016039/i_p:c_2e2e2e,s_630,q_90.jpg",Vintage,0.4340,Music,0.3414,Spiritual,0.0482
spiritbox_t-shirt_133.jpg,Spiritbox T-Shirt,j.adevelyn,24,Uncertain - needs review,0.2661,image only,Music,2026-07-04,https://www.teepublic.com/t-shirt/53698338-spiritbox,"https://images.teepublic.com/derived/production/designs/53698338_0/1748016039/i_p:c_2e2e2e,s_630,q_90.jpg",Gaming,0.2661,Professions,0.1645,Vintage,0.0920
primus_prime_t-shirt_134.jpg,Primus Prime T-Shirt,drow_inksy,24,Music,0.3591,image only,Music,2026-07-04,https://www.teepublic.com/t-shirt/63356166-primus-prime,"https://images.teepublic.com/derived/production/designs/63356166_0/1748016039/i_p:c_2e2e2e,s_630,q_90.jpg",Music,0.3591,Vintage,0.3320,Sports,0.1550
radio_head_t-shirt_135.jpg,Radio Head T-Shirt,SamD,24,Gaming,0.4435,image only,Music,2026-07-04,https://www.teepublic.com/t-shirt/84490102-radio-head,"https://images.teepublic.com/derived/production/designs/84490102_0/1748016039/i_p:c_2e2e2e,s_630,q_90.jpg",Gaming,0.4435,Vintage,0.2584,Music,0.0642
peaches_records_tapes_1975_t-shirt_136.jpg,Peaches Records & Tapes 1975 T-Shirt,JCD666,24,Music,0.5112,hybrid (image+text),Music,2026-07-04,https://www.teepublic.com/t-shirt/34946205-peaches-records-and-tapes-1975,"https://images.teepublic.com/derived/production/designs/34946205_0/1748016039/i_p:c_2e2e2e,s_630,q_90.jpg",Music,0.5112,Vintage,0.3167,Seasonal,0.1408
cobra_records_t-shirt_137.jpg,Cobra Records T-Shirt,OniSide,24,Music,0.6473,hybrid (image+text),Music,2026-07-04,https://www.teepublic.com/t-shirt/23295445-cobra-records,"https://images.teepublic.com/derived/production/designs/23295445_0/1748016039/i_p:c_2e2e2e,s_630,q_90.jpg",Music,0.6473,Vintage,0.2195,Lifestyle,0.0264
marshall_amplification_t-shirt_139.jpg,Marshall Amplification T-Shirt,Artistic Crayon,24,Music,0.3748,hybrid (image+text),Music,2026-07-04,https://www.teepublic.com/t-shirt/86174334-marshall-amplification,"https://images.teepublic.com/derived/production/designs/86174334_0/1748016039/i_p:c_2e2e2e,s_630,q_90.jpg",Music,0.3748,Vintage,0.1470,Animals,0.1470
dolly_doll_t-shirt_140.jpg,Dolly Doll T-Shirt,harebrained,24,Uncertain - needs review,0.2158,image only,Music,2026-07-04,https://www.teepublic.com/t-shirt/54863019-dolly-doll,"https://images.teepublic.com/derived/production/designs/54863019_0/1748016039/i_p:c_2e2e2e,s_630,q_90.jpg",Seasonal,0.2158,Family,0.1506,Pop Culture,0.0996
merle_haggard_retro_style_country_music_fan_gift_t-shirt_141.jpg,Merle Haggard / Retro Style Country Music Fan Gift T-Shirt,DankFutura,24,Uncertain - needs review,0.2760,hybrid (image+text),Music,2026-07-04,https://www.teepublic.com/t-shirt/16079448-merle-haggard-retro-style-country-music-fan-gift,"https://images.teepublic.com/derived/production/designs/16079448_0/1748016039/i_p:c_2e2e2e,s_630,q_90.jpg",Vintage,0.2760,Music,0.2442,Humor,0.2108
james_hetfield_vintage_4477_t-shirt_142.jpg,"James Hetfield, Vintage ///#4477 T-Shirt",katroxdesignshopart444,24,Vintage,0.5637,hybrid (image+text),Music,2026-07-04,https://www.teepublic.com/t-shirt/59116242-james-hetfield-vintage-4477,"https://images.teepublic.com/derived/production/designs/59116242_0/1748016039/i_p:c_2e2e2e,s_630,q_90.jpg",Vintage,0.5637,Family,0.0856,Lifestyle,0.0608
vintage_dinosaur_hank_williams_jr_-_bocephus_western_souther_143.jpg,Vintage Dinosaur Hank Williams Jr - Bocephus Western Southern T-Shirt,OJO_NESU_LE,24,Vintage,0.3279,hybrid (image+text),Music,2026-07-04,https://www.teepublic.com/t-shirt/83336901-vintage-dinosaur-hank-williams-jr-bocephus-western,"https://images.teepublic.com/derived/production/designs/83336901_0/1748016039/i_p:c_2e2e2e,s_630,q_90.jpg",Vintage,0.3279,Animals,0.2431,Humor,0.1125
vintage_style_the_marias_t-shirt_144.jpg,Vintage Style The Marias T-Shirt,zaizika,24,Music,0.4813,hybrid (image+text),Music,2026-07-04,https://www.teepublic.com/t-shirt/83371104-vintage-style-the-marias,"https://images.teepublic.com/derived/production/designs/83371104_0/1748016039/i_p:c_2e2e2e,s_630,q_90.jpg",Music,0.4813,Vintage,0.4457,Art,0.0189
mazzy_star_original_fan_artwork_design_t-shirt_145.jpg,Mazzy Star / Original Fan Artwork Design T-Shirt,CultOfRomance,24,Art,0.4362,hybrid (image+text),Music,2026-07-04,https://www.teepublic.com/t-shirt/19723856-mazzy-star-original-fan-artwork-design,"https://images.teepublic.com/derived/production/designs/19723856_0/1748016039/i_p:c_2e2e2e,s_630,q_90.jpg",Art,0.4362,Vintage,0.1713,Spiritual,0.0886
silver_grey_goose_band_logo_t-shirt_146.jpg,silver grey goose band logo T-Shirt,Roach Graphic Official,24,Music,0.4654,hybrid (image+text),Music,2026-07-04,https://www.teepublic.com/t-shirt/68953157-silver-grey-goose-band-logo,"https://images.teepublic.com/derived/production/designs/68953157_0/1748016039/i_p:c_2e2e2e,s_630,q_90.jpg",Music,0.4654,Spiritual,0.0961,Vintage,0.0929
the_wombats_t-shirt_147.jpg,THE WOMBATS T-Shirt,crenorefuih,24,Spiritual,0.4164,hybrid (image+text),Music,2026-07-04,https://www.teepublic.com/t-shirt/10749332-the-wombats,"https://images.teepublic.com/derived/production/designs/10749332_0/1748016039/i_p:c_2e2e2e,s_630,q_90.jpg",Spiritual,0.4164,Art,0.1436,Music,0.1078
cbgb_t-shirt_148.jpg,CBGB T-Shirt,TomsTreasures,24,Vintage,0.3604,image only,Music,2026-07-04,https://www.teepublic.com/t-shirt/71227035-cbgb,"https://images.teepublic.com/derived/production/designs/71227035_0/1748016039/i_p:c_2e2e2e,s_630,q_90.jpg",Vintage,0.3604,Music,0.2763,Gaming,0.0958
yellowcard_only_one_t-shirt_149.jpg,Yellowcard Only One T-Shirt,nistymilania,24,Pop Culture,0.3548,image only,Music,2026-07-04,https://www.teepublic.com/t-shirt/52365740-yellowcard-only-one,"https://images.teepublic.com/derived/production/designs/52365740_0/1748016039/i_p:c_2e2e2e,s_630,q_90.jpg",Pop Culture,0.3548,Travel,0.1124,Vintage,0.1121
stiff-little-fingers_t-shirt_150.jpg,Stiff-Little-Fingers T-Shirt,Voidynk,24,Uncertain - needs review,0.1619,image only,Music,2026-07-04,https://www.teepublic.com/t-shirt/89725473-stiff-little-fingers,"https://images.teepublic.com/derived/production/designs/89725473_0/1748016039/i_p:c_2e2e2e,s_630,q_90.jpg",Lifestyle,0.1619,Spiritual,0.1121,Art,0.1100
afi_band_-_sutofu_1_t-shirt_151.jpg,Afi Band - sutofu #1 T-Shirt,SUTOFU,24,Music,0.4256,hybrid (image+text),Music,2026-07-04,https://www.teepublic.com/t-shirt/74125461-afi-band-sutofu-1,"https://images.teepublic.com/derived/production/designs/74125461_0/1748016039/i_p:c_2e2e2e,s_630,q_90.jpg",Music,0.4256,Art,0.1505,Seasonal,0.0587
heart_baseball_t-shirt_152.jpg,Heart Baseball T-Shirt,TeeSky,24,Sports,0.8249,hybrid (image+text),Sports,2026-07-04,https://www.teepublic.com/t-shirt/3540483-heart-baseball,"https://images.teepublic.com/derived/production/designs/3540483_0/1748016039/i_p:c_2e2e2e,s_630,q_90.jpg",Sports,0.8249,Art,0.1349,Vintage,0.0233
ny_meh_-_white_t-shirt_153.jpg,NY Meh - White T-Shirt,Saturday Athletic Club,24,Sports,0.6873,image only,Sports,2026-07-04,https://www.teepublic.com/t-shirt/5334239-ny-meh-white,"https://images.teepublic.com/derived/production/designs/5334239_0/1748016039/i_p:c_2e2e2e,s_630,q_90.jpg",Sports,0.6873,Pop Culture,0.0520,Seasonal,0.0385
detroit_tigers_t-shirt_154.jpg,Detroit Tigers T-Shirt,Prosacco Wunsch,24,Sports,0.5408,hybrid (image+text),Sports,2026-07-04,https://www.teepublic.com/t-shirt/82764798-detroit-tigers,"https://images.teepublic.com/derived/production/designs/82764798_0/1748016039/i_p:c_2e2e2e,s_630,q_90.jpg",Sports,0.5408,Animals,0.4095,Vintage,0.0127
san_diego_padres_vintage_logo_t-shirt_155.jpg,San diego padres vintage logo T-Shirt,Zee.stuff,24,Vintage,0.4399,hybrid (image+text),Sports,2026-07-04,https://www.teepublic.com/t-shirt/88895914-san-diego-padres-vintage-logo,"https://images.teepublic.com/derived/production/designs/88895914_0/1748016039/i_p:c_2e2e2e,s_630,q_90.jpg",Vintage,0.4399,Food,0.1510,Sports,0.0685
jordan_air_t-shirt_156.jpg,JORDAN AIR T-Shirt,bospizza99,24,Sports,0.9625,hybrid (image+text),Sports,2026-07-04,https://www.teepublic.com/t-shirt/76377399-jordan-air,"https://images.teepublic.com/derived/production/designs/76377399_0/1748016039/i_p:c_2e2e2e,s_630,q_90.jpg",Sports,0.9625,Vintage,0.0169,Pop Culture,0.0053
spurs_t-shirt_157.jpg,SPURS T-Shirt,BrewingU,24,Sports,0.9623,hybrid (image+text),Sports,2026-07-04,https://www.teepublic.com/t-shirt/67411562-spurs,"https://images.teepublic.com/derived/production/designs/67411562_0/1748016039/i_p:c_2e2e2e,s_630,q_90.jpg",Sports,0.9623,Humor,0.0058,Seasonal,0.0054
illinois_illini_final_four_2026_mens_march_madness_basketbal_158.jpg,Illinois Illini Final four 2026 Men's March Madness Basketball T-Shirt,Sketchyyy,24,Sports,0.9689,hybrid (image+text),Sports,2026-07-04,https://www.teepublic.com/t-shirt/89804723-illinois-illini-final-four-2026-mens-march-madness,"https://images.teepublic.com/derived/production/designs/89804723_0/1748016039/i_p:c_2e2e2e,s_630,q_90.jpg",Sports,0.9689,Vintage,0.0094,Family,0.0063
michael_jordan_greatest_of_all_time_t-shirt_159.jpg,Michael Jordan Greatest of All Time T-Shirt,j.kor.art,24,Sports,0.5843,hybrid (image+text),Sports,2026-07-04,https://www.teepublic.com/t-shirt/76038903-michael-jordan-greatest-of-all-time,"https://images.teepublic.com/derived/production/designs/76038903_0/1748016039/i_p:c_2e2e2e,s_630,q_90.jpg",Sports,0.5843,Vintage,0.2304,Pop Culture,0.0758
nwo_squads_war_t-shirt_160.jpg,nwo squads war T-Shirt,Classic Mu,24,Pop Culture,0.4577,hybrid (image+text),Sports,2026-07-04,https://www.teepublic.com/t-shirt/68618277-nwo-squads-war,"https://images.teepublic.com/derived/production/designs/68618277_0/1748016039/i_p:c_2e2e2e,s_630,q_90.jpg",Pop Culture,0.4577,Vintage,0.1049,Gaming,0.0748
macho_man_randy_savage_t-shirt_161.jpg,Macho Man Randy Savage T-Shirt,rizznchill,24,Vintage,0.3105,image only,Sports,2026-07-04,https://www.teepublic.com/t-shirt/69901622-macho-man-randy-savage,"https://images.teepublic.com/derived/production/designs/69901622_0/1748016039/i_p:c_2e2e2e,s_630,q_90.jpg",Vintage,0.3105,Lifestyle,0.1471,Music,0.1195
ufc_world_class_mma_t-shirt_162.jpg,UFC World Class MMA T-Shirt,TheMerchFight,24,Sports,0.5169,hybrid (image+text),Sports,2026-07-04,https://www.teepublic.com/t-shirt/84747523-ufc-world-class-mma,"https://images.teepublic.com/derived/production/designs/84747523_0/1748016039/i_p:c_2e2e2e,s_630,q_90.jpg",Sports,0.5169,Travel,0.2020,Vintage,0.0534
puck_everybody_ignite_the_orange_-_philadelphia_flyers_2026__164.jpg,PUCK EVERYBODY IGNITE THE ORANGE - PHILADELPHIA FLYERS 2026 PLAYOFF T-Shirt,Krystle Patterns,24,Uncertain - needs review,0.1522,image only,Sports,2026-07-04,https://www.teepublic.com/t-shirt/91239283-puck-everybody-ignite-the-orange-philadelphia-flye,"https://images.teepublic.com/derived/production/designs/91239283_0/1748016039/i_p:c_2e2e2e,s_630,q_90.jpg",Sports,0.1522,Humor,0.1498,Gaming,0.1359
buffalo_bandits_t-shirt_165.jpg,Buffalo Bandits T-Shirt,Rob Sollanych's Creative Works,24,Sports,0.5773,hybrid (image+text),Sports,2026-07-04,https://www.teepublic.com/t-shirt/90494112-buffalo-bandits,"https://images.teepublic.com/derived/production/designs/90494112_0/1748016039/i_p:c_2e2e2e,s_630,q_90.jpg",Sports,0.5773,Music,0.4001,Seasonal,0.0061
shoresy_t-shirt_166.jpg,Shoresy T-Shirt,quansvengeance,24,Pets,0.4527,image only,Sports,2026-07-04,https://www.teepublic.com/t-shirt/83434911-shoresy,"https://images.teepublic.com/derived/production/designs/83434911_0/1748016039/i_p:c_2e2e2e,s_630,q_90.jpg",Pets,0.4527,Sports,0.2383,Animals,0.1556
minnesota_north_stars_--_fadeddistressed_style_t-shirt_167.jpg,Minnesota North Stars -- Faded/Distressed Style T-Shirt,CultOfRomance,24,Sports,0.3544,hybrid (image+text),Sports,2026-07-04,https://www.teepublic.com/t-shirt/24997926-minnesota-north-stars-faded-distressed-style,"https://images.teepublic.com/derived/production/designs/24997926_0/1748016039/i_p:c_2e2e2e,s_630,q_90.jpg",Sports,0.3544,Vintage,0.3160,Nature,0.1516
finkle_is_einhorn_t-shirt_168.jpg,FINKLE IS EINHORN T-Shirt,thedeuce,24,Humor,0.3410,image only,Sports,2026-07-04,https://www.teepublic.com/t-shirt/33600272-finkle-is-einhorn,"https://images.teepublic.com/derived/production/designs/33600272_0/1748016039/i_p:c_2e2e2e,s_630,q_90.jpg",Humor,0.3410,Lifestyle,0.1154,Vintage,0.1021
redskins_t-shirt_169.jpg,redskins T-Shirt,nanaky,24,Sports,0.3955,image only,Sports,2026-07-04,https://www.teepublic.com/t-shirt/80918165-redskins,"https://images.teepublic.com/derived/production/designs/80918165_0/1748016039/i_p:c_2e2e2e,s_630,q_90.jpg",Sports,0.3955,Vintage,0.1190,Family,0.0616
ohio_worst_state_ever_t-shirt_170.jpg,OHIO WORST STATE EVER T-Shirt,thedeuce,24,Sports,0.3868,image only,Sports,2026-07-04,https://www.teepublic.com/t-shirt/14305674-ohio-worst-state-ever,"https://images.teepublic.com/derived/production/designs/14305674_0/1748016039/i_p:c_2e2e2e,s_630,q_90.jpg",Sports,0.3868,Humor,0.2740,Seasonal,0.0795
ill_street_birds_t-shirt_171.jpg,Ill Street Birds T-Shirt,thomcat23,24,Uncertain - needs review,0.2361,hybrid (image+text),Sports,2026-07-04,https://www.teepublic.com/t-shirt/5867128-ill-street-birds,"https://images.teepublic.com/derived/production/designs/5867128_0/1748016039/i_p:c_2e2e2e,s_630,q_90.jpg",Animals,0.2361,Nature,0.2135,Sports,0.1527
agip_azienda_generale_italiana_petroli_faded_vintage_style_t_172.jpg,AGIP Azienda Generale Italiana Petroli / Faded Vintage Style T-Shirt,CultOfRomance,24,Uncertain - needs review,0.2199,hybrid (image+text),Sports,2026-07-04,https://www.teepublic.com/t-shirt/33399159-agip-azienda-generale-italiana-petroli-faded-vinta,"https://images.teepublic.com/derived/production/designs/33399159_0/1748016039/i_p:c_2e2e2e,s_630,q_90.jpg",Vintage,0.2199,Pets,0.2169,Animals,0.1277
team_penske_t-shirt_173.jpg,Team Penske T-Shirt,DeathJonnys,24,Sports,0.4487,image only,Sports,2026-07-04,https://www.teepublic.com/t-shirt/85467142-team-penske,"https://images.teepublic.com/derived/production/designs/85467142_0/1748016039/i_p:c_2e2e2e,s_630,q_90.jpg",Sports,0.4487,Gaming,0.1841,Professions,0.0757
ayrton_senna_t-shirt_174.jpg,Ayrton Senna T-Shirt,FinnickArrow,24,Sports,0.4604,image only,Sports,2026-07-04,https://www.teepublic.com/t-shirt/17136975-ayrton-senna,"https://images.teepublic.com/derived/production/designs/17136975_0/1748016039/i_p:c_2e2e2e,s_630,q_90.jpg",Sports,0.4604,Lifestyle,0.0654,Vintage,0.0637
david_pearson_1968_nascar_vintage_t-shirt_175.jpg,David Pearson 1968 NASCAR Vintage T-Shirt,KT Garage 09,24,Vintage,0.6502,hybrid (image+text),Sports,2026-07-04,https://www.teepublic.com/t-shirt/62648089-david-pearson-1968-nascar-vintage,"https://images.teepublic.com/derived/production/designs/62648089_0/1748016039/i_p:c_2e2e2e,s_630,q_90.jpg",Vintage,0.6502,Family,0.2108,Sports,0.0711
trd_racing_development_t-shirt_176.jpg,Trd Racing Development T-Shirt,evapa,24,Gaming,0.3360,image only,Sports,2026-07-04,https://www.teepublic.com/t-shirt/62479392-trd-racing-development,"https://images.teepublic.com/derived/production/designs/62479392_0/1748016039/i_p:c_2e2e2e,s_630,q_90.jpg",Gaming,0.3360,Sports,0.2959,Lifestyle,0.1293
i_do_my_own_stunts_t-shirt_177.jpg,I Do My Own Stunts T-Shirt,tangtur55,24,Sports,0.5325,image only,Sports,2026-07-04,https://www.teepublic.com/t-shirt/15598431-i-do-my-own-stunts,"https://images.teepublic.com/derived/production/designs/15598431_0/1748016039/i_p:c_2e2e2e,s_630,q_90.jpg",Sports,0.5325,Lifestyle,0.1582,Humor,0.1072
campagnolo_t-shirt_179.jpg,CAMPAGNOLO T-Shirt,Koechenx,24,Music,0.4389,hybrid (image+text),Sports,2026-07-04,https://www.teepublic.com/t-shirt/60976110-campagnolo,"https://images.teepublic.com/derived/production/designs/60976110_0/1748016039/i_p:c_2e2e2e,s_630,q_90.jpg",Music,0.4389,Vintage,0.2140,Lifestyle,0.1226
world-cup-2026_t-shirt_180.jpg,World-Cup-2026 T-Shirt,Claessens_art,24,Travel,0.4223,hybrid (image+text),Sports,2026-07-04,https://www.teepublic.com/t-shirt/78808427-world-cup-2026,"https://images.teepublic.com/derived/production/designs/78808427_0/1748016039/i_p:c_2e2e2e,s_630,q_90.jpg",Travel,0.4223,Vintage,0.1146,Pop Culture,0.0817
dapper_dan_t-shirt_181.jpg,Dapper Dan T-Shirt,buby87,24,Uncertain - needs review,0.2941,image only,Sports,2026-07-04,https://www.teepublic.com/t-shirt/85468-dapper-dan,"https://images.teepublic.com/derived/production/designs/85468_0/1748016039/i_p:c_2e2e2e,s_630,q_90.jpg",Pop Culture,0.2941,Humor,0.2256,Vintage,0.1216
mexico_86_t-shirt_183.jpg,Mexico 86 T-Shirt,This Is Football,24,Sports,0.8610,image only,Sports,2026-07-04,https://www.teepublic.com/t-shirt/46516957-mexico-86,"https://images.teepublic.com/derived/production/designs/46516957_0/1748016039/i_p:c_2e2e2e,s_630,q_90.jpg",Sports,0.8610,Vintage,0.0310,Music,0.0260
playa_haters_ball_pimp_walkin_t-shirt_184.jpg,Playa Haters' Ball Pimp Walkin' T-Shirt,DarkLordPug,24,Uncertain - needs review,0.2745,image only,Television,2026-07-04,https://www.teepublic.com/t-shirt/35917425-playa-haters-ball-pimp-walkin,"https://images.teepublic.com/derived/production/designs/35917425_0/1748016039/i_p:c_2e2e2e,s_630,q_90.jpg",Gaming,0.2745,Humor,0.1956,Family,0.1297
the_faces_of_michael_scott_-_the_office_shirt_t-shirt_186.jpg,The Faces of Michael Scott - The Office Shirt T-Shirt,FalconArt,24,Humor,0.4026,image only,Television,2026-07-04,https://www.teepublic.com/t-shirt/3072900-the-faces-of-michael-scott-the-office-shirt,"https://images.teepublic.com/derived/production/designs/3072900_0/1748016039/i_p:c_2e2e2e,s_630,q_90.jpg",Humor,0.4026,Professions,0.1933,Pop Culture,0.1210
the_trashman_vintage_wrestling_t-shirt_187.jpg,The Trashman Vintage Wrestling T-Shirt,Yinz Jagoffz,24,Pop Culture,0.3264,hybrid (image+text),Television,2026-07-04,https://www.teepublic.com/t-shirt/79140094-the-trashman-vintage-wrestling,"https://images.teepublic.com/derived/production/designs/79140094_0/1748016039/i_p:c_2e2e2e,s_630,q_90.jpg",Pop Culture,0.3264,Sports,0.2461,Vintage,0.2297
kermit_the_frog_t-shirt_188.jpg,Kermit The Frog T-Shirt,valentinahramov,24,Pets,0.3520,hybrid (image+text),Television,2026-07-04,https://www.teepublic.com/t-shirt/13396734-kermit-the-frog,"https://images.teepublic.com/derived/production/designs/13396734_0/1748016039/i_p:c_2e2e2e,s_630,q_90.jpg",Pets,0.3520,Pop Culture,0.1652,Humor,0.1641
the_rainbow_connection_t-shirt_189.jpg,the Rainbow Connection T-Shirt,MCELROYstudios,24,Nature,0.3427,image only,Television,2026-07-04,https://www.teepublic.com/t-shirt/13022385-the-rainbow-connection,"https://images.teepublic.com/derived/production/designs/13022385_0/1748016039/i_p:c_2e2e2e,s_630,q_90.jpg",Nature,0.3427,Gaming,0.1652,Humor,0.0728
snoopy_and_woodstock_cool_mode_t-shirt_190.jpg,snoopy and woodstock cool mode T-Shirt,Gomibako,24,Pets,0.4785,image only,Television,2026-07-04,https://www.teepublic.com/t-shirt/85476532-snoopy-and-woodstock-cool-mode,"https://images.teepublic.com/derived/production/designs/85476532_0/1748016039/i_p:c_2e2e2e,s_630,q_90.jpg",Pets,0.4785,Animals,0.1814,Humor,0.0668
larrys_gym_at_mussel_beach_t-shirt_191.jpg,Larry's Gym At Mussel Beach T-Shirt,Bigfinz,24,Lifestyle,0.4997,hybrid (image+text),Television,2026-07-04,https://www.teepublic.com/t-shirt/28406164-larrys-gym-at-mussel-beach,"https://images.teepublic.com/derived/production/designs/28406164_0/1748016039/i_p:c_2e2e2e,s_630,q_90.jpg",Lifestyle,0.4997,Nature,0.2014,Sports,0.1152
live_long_prosper_t-shirt_192.jpg,Live Long & Prosper T-Shirt,Cosmic Anger Design,24,Pop Culture,0.5105,image only,Television,2026-07-04,https://www.teepublic.com/t-shirt/89548611-live-long-and-prosper,"https://images.teepublic.com/derived/production/designs/89548611_0/1748016039/i_p:c_2e2e2e,s_630,q_90.jpg",Pop Culture,0.5105,Professions,0.1425,Spiritual,0.0805
strange_things_happen_t-shirt_193.jpg,Strange things Happen T-Shirt,DrMonekers,24,Sports,0.6276,image only,Television,2026-07-04,https://www.teepublic.com/t-shirt/22973345-strange-things-happen,"https://images.teepublic.com/derived/production/designs/22973345_0/1748016039/i_p:c_2e2e2e,s_630,q_90.jpg",Sports,0.6276,Vintage,0.2066,Nature,0.0279
scully_and_mulder_believe_poster_t-shirt_194.jpg,Scully and Mulder BELIEVE Poster T-Shirt,Mia's Designs,24,Uncertain - needs review,0.2319,image only,Television,2026-07-04,https://www.teepublic.com/t-shirt/3805154-scully-and-mulder-believe-poster,"https://images.teepublic.com/derived/production/designs/3805154_0/1748016039/i_p:c_2e2e2e,s_630,q_90.jpg",Vintage,0.2319,Pop Culture,0.2148,Spiritual,0.1519
roswell_grays_baseball_jersey_t-shirt_195.jpg,Roswell Grays Baseball Jersey T-Shirt,DarkLordPug,24,Sports,0.4643,hybrid (image+text),Television,2026-07-04,https://www.teepublic.com/t-shirt/23728188-roswell-grays-baseball-jersey,"https://images.teepublic.com/derived/production/designs/23728188_0/1748016039/i_p:c_2e2e2e,s_630,q_90.jpg",Sports,0.4643,Lifestyle,0.1129,Vintage,0.0685
there_was_a_fish_in_the_percolator_t-shirt_196.jpg,"There was a fish, IN the percolator! T-Shirt",lucas-quinteros,24,Animals,0.4576,hybrid (image+text),Television,2026-07-04,https://www.teepublic.com/t-shirt/73099224-there-was-a-fish-in-the-percolator,"https://images.teepublic.com/derived/production/designs/73099224_0/1748016039/i_p:c_2e2e2e,s_630,q_90.jpg",Animals,0.4576,Professions,0.2664,Pets,0.1068
fear_not_twin_peaks_inspired_art_t-shirt_197.jpg,"Fear not, Twin Peaks inspired art T-Shirt",Zubieta,24,Art,0.4604,hybrid (image+text),Television,2026-07-04,https://www.teepublic.com/t-shirt/76785342-fear-not-twin-peaks-inspired-art,"https://images.teepublic.com/derived/production/designs/76785342_0/1748016039/i_p:c_2e2e2e,s_630,q_90.jpg",Art,0.4604,Anime,0.1574,Gaming,0.0656
psych_gus_you_hear_about_pluto_t-shirt_198.jpg,Psych Gus You Hear About Pluto? T-Shirt,scribblejuice,24,Sports,0.7472,image only,Television,2026-07-04,https://www.teepublic.com/t-shirt/68061895-psych-gus-you-hear-about-pluto,"https://images.teepublic.com/derived/production/designs/68061895_0/1748016039/i_p:c_2e2e2e,s_630,q_90.jpg",Sports,0.7472,Humor,0.0763,Vintage,0.0502
the_wire_t-shirt_199.jpg,The Wire T-Shirt,Black Snow Comics,24,Uncertain - needs review,0.1995,image only,Television,2026-07-04,https://www.teepublic.com/t-shirt/83513925-the-wire,"https://images.teepublic.com/derived/production/designs/83513925_0/1748016039/i_p:c_2e2e2e,s_630,q_90.jpg",Sports,0.1995,Vintage,0.1469,Music,0.1124
owl_house_circle_t-shirt_200.jpg,Owl House Circle T-Shirt,ikaszans,24,Animals,0.4386,hybrid (image+text),Television,2026-07-04,https://www.teepublic.com/t-shirt/34428667-owl-house-circle,"https://images.teepublic.com/derived/production/designs/34428667_0/1748016039/i_p:c_2e2e2e,s_630,q_90.jpg",Animals,0.4386,Spiritual,0.1062,Gaming,0.0897
behold_its_nandor_the_relentless_wizard_t-shirt_201.jpg,"Behold! It's Nandor, the Relentless Wizard T-Shirt",Xanaduriffic,24,Uncertain - needs review,0.2001,image only,Television,2026-07-04,https://www.teepublic.com/t-shirt/12685918-behold-its-nandor-the-relentless-wizard,"https://images.teepublic.com/derived/production/designs/12685918_0/1748016039/i_p:c_2e2e2e,s_630,q_90.jpg",Humor,0.2001,Seasonal,0.1903,Gaming,0.1531
jesus-ice_t-shirt_203.jpg,jesus-ice T-Shirt,DinoVibe,24,Art,0.3365,image only,Television,2026-07-04,https://www.teepublic.com/t-shirt/68240050-jesus-ice,"https://images.teepublic.com/derived/production/designs/68240050_0/1748016039/i_p:c_2e2e2e,s_630,q_90.jpg",Art,0.3365,Humor,0.1736,Pop Culture,0.1203
sally_omalley_im_50_i_like_to_kick_streth_and_kick_t-shirt_204.jpg,"Sally Omalley I'm 50 i like to kick, streth, and kick! T-Shirt",MWKR,24,Spiritual,0.4144,hybrid (image+text),Television,2026-07-04,https://www.teepublic.com/t-shirt/88093801-sally-omalley-im-50-i-like-to-kick-streth-and-kick,"https://images.teepublic.com/derived/production/designs/88093801_0/1748016039/i_p:c_2e2e2e,s_630,q_90.jpg",Spiritual,0.4144,Vintage,0.2922,Pop Culture,0.0655
live_from_new_york_london_its_saturday_night_t-shirt_205.jpg,Live From New York London Its Saturday Night T-Shirt,The Ulysses Gallery,24,Spiritual,0.4044,hybrid (image+text),Television,2026-07-04,https://www.teepublic.com/t-shirt/90270279-live-from-new-york-london-its-saturday-night,"https://images.teepublic.com/derived/production/designs/90270279_0/1748016039/i_p:c_2e2e2e,s_630,q_90.jpg",Spiritual,0.4044,Lifestyle,0.2228,Vintage,0.1026
jack_n_rod_stern_show_t-shirt_206.jpg,Jack n' Rod Stern Show T-Shirt,Howchie!,24,Uncertain - needs review,0.1561,image only,Television,2026-07-04,https://www.teepublic.com/t-shirt/27380761-jack-n-rod-stern-show,"https://images.teepublic.com/derived/production/designs/27380761_0/1748016039/i_p:c_2e2e2e,s_630,q_90.jpg",Music,0.1561,Pop Culture,0.1362,Humor,0.1222
late_night_with_david_letterman_logo_t-shirt_207.jpg,Late Night with David Letterman Logo T-Shirt,Mister 7 Designs,24,Uncertain - needs review,0.2849,image only,Television,2026-07-04,https://www.teepublic.com/t-shirt/20841302-late-night-with-david-letterman-logo,"https://images.teepublic.com/derived/production/designs/20841302_0/1748016039/i_p:c_2e2e2e,s_630,q_90.jpg",Sports,0.2849,Vintage,0.1994,Gaming,0.0999
beetleborgs_metallix_t-shirt_208.jpg,BeetleBorgs Metallix T-Shirt,The Dark Vestiary,24,Music,0.4045,hybrid (image+text),Television,2026-07-04,https://www.teepublic.com/t-shirt/34705000-beetleborgs-metallix,"https://images.teepublic.com/derived/production/designs/34705000_0/1748016039/i_p:c_2e2e2e,s_630,q_90.jpg",Music,0.4045,Anime,0.1498,Gaming,0.1047
the_robot_spy_from_jonny_quest_t-shirt_209.jpg,The Robot Spy from Jonny Quest T-Shirt,Quest Island,24,Gaming,0.3435,hybrid (image+text),Television,2026-07-04,https://www.teepublic.com/t-shirt/75304482-the-robot-spy-from-jonny-quest,"https://images.teepublic.com/derived/production/designs/75304482_0/1748016039/i_p:c_2e2e2e,s_630,q_90.jpg",Gaming,0.3435,Spiritual,0.2176,Vintage,0.0681
cover_girl_83_gi_joe_toy_art_design_t-shirt_210.jpg,COVER GIRL 83 GI Joe toy art design T-Shirt,brettwhite,24,Art,0.4101,hybrid (image+text),Television,2026-07-04,https://www.teepublic.com/t-shirt/86718428-cover-girl-83-gi-joe-toy-art-design,"https://images.teepublic.com/derived/production/designs/86718428_0/1748016039/i_p:c_2e2e2e,s_630,q_90.jpg",Art,0.4101,Pop Culture,0.2230,Vintage,0.1420
up_yours_fascist_bully-boy_-_rik_mayall_t-shirt_213.jpg,"Up Yours, Fascist Bully-Boy - Rik Mayall T-Shirt",House of Evilhedd13,24,Humor,0.3069,image only,Television,2026-07-04,https://www.teepublic.com/t-shirt/80774388-up-yours-fascist-bully-boy-rik-mayall,"https://images.teepublic.com/derived/production/designs/80774388_0/1748016039/i_p:c_2e2e2e,s_630,q_90.jpg",Humor,0.3069,Pop Culture,0.1722,Vintage,0.1474
taskmaster_face_slap_with_text_-_task_show_t-shirt_214.jpg,Taskmaster face slap with text - task show T-Shirt,SmerkinGherkin,24,Uncertain - needs review,0.2607,image only,Television,2026-07-04,https://www.teepublic.com/t-shirt/41418507-taskmaster-face-slap-with-text-task-show,"https://images.teepublic.com/derived/production/designs/41418507_0/1748016039/i_p:c_2e2e2e,s_630,q_90.jpg",Humor,0.2607,Professions,0.1433,Gaming,0.1115
great_british_bake_off_-_giuseppe_the_bread_daddy_t-shirt_215.jpg,"Great British Bake Off - Giuseppe, the Bread Daddy T-Shirt",GiantSizeTeamUpNetwork,24,Family,0.4176,hybrid (image+text),Television,2026-07-04,https://www.teepublic.com/t-shirt/25219722-great-british-bake-off-giuseppe-the-bread-daddy,"https://images.teepublic.com/derived/production/designs/25219722_0/1748016039/i_p:c_2e2e2e,s_630,q_90.jpg",Family,0.4176,Sports,0.3034,Food,0.0878
